drug,age_group,mean_survival,mean_age,n_died,n_patients
Placebo,Under 50,1.027777777777778,49.0,3,3
Placebo,50-59,0.8333333333333334,54.666666666666664,11,12
Placebo,60-69,0.3833333333333333,63.6,5,5
Drug A,Under 50,1.375,48.0,1,2
Drug A,50-59,1.476190476190476,54.142857142857146,2,7
Drug A,60-69,0.8666666666666666,64.4,3,5
Drug B,Under 50,2.2777777777777777,48.333333333333336,0,3
Drug B,50-59,1.96875,54.625,5,8
Drug B,60-69,2.3333333333333335,60.666666666666664,1,3
