drug,age_group,mean_survival,mean_age,n_died,n_patients
Placebo,Under 50,1.0277778,49,3,3
Placebo,50-59,.83333331,54.666668,11,12
Placebo,60-69,.38333333,63.599998,5,5
Drug A,Under 50,1.375,48,1,2
Drug A,50-59,1.4761904,54.142857,2,7
Drug A,60-69,.86666667,64.400002,3,5
Drug B,Under 50,2.2777777,48.333332,0,3
Drug B,50-59,1.96875,54.625,5,8
Drug B,60-69,2.3333333,60.666668,1,3
